{"stats":{"minecraft:used":{"minecraft:apple":27,"minecraft:wooden_pickaxe":59,"minecraft:torch":8,"minecraft:dirt":20,"minecraft:wooden_sword":335,"scalinghealth:heart_crystal":2,"minecraft:crafting_table":2},"minecraft:custom":{"minecraft:time_since_rest":42612,"minecraft:sprint_one_cm":190510,"minecraft:damage_taken":1271,"minecraft:walk_one_cm":122084,"minecraft:mob_kills":67,"minecraft:drop":4,"tombstone:raider_killed":1,"minecraft:damage_dealt":10953,"minecraft:damage_dealt_absorbed":77,"minecraft:swim_one_cm":18600,"minecraft:interact_with_crafting_table":4,"minecraft:fly_one_cm":337875,"minecraft:open_chest":4,"minecraft:crouch_one_cm":124,"minecraft:play_time":42612,"tombstone:undead_killed":23,"minecraft:sneak_time":75,"minecraft:walk_under_water_one_cm":6271,"minecraft:damage_dealt_resisted":354,"minecraft:jump":1493,"minecraft:leave_game":1,"minecraft:walk_on_water_one_cm":8404,"minecraft:time_since_death":42612,"minecraft:total_world_time":42612,"minecraft:fall_one_cm":38655},"minecraft:picked_up":{"scalinghealth:heart_crystal_shard":8,"minecraft:andesite":8,"minecraft:sweet_berries":27,"minecraft:salmon":4,"minecraft:leather":13,"minecraft:porkchop":8,"tombstone:grave_dust":4,"minecraft:spruce_log":7,"minecraft:spider_eye":1,"naturalist:lizard_tail":1,"scalinghealth:heart_crystal":10,"minecraft:dirt":20,"minecraft:string":5,"minecraft:bone":7,"naturalist:bass":4,"minecraft:arrow":9,"minecraft:rotten_flesh":15,"minecraft:apple":49,"minecraft:wheat_seeds":9,"minecraft:beef":6,"minecraft:gray_wool":1,"tombstone:essence_of_undeath":1,"croptopia:roe":6,"minecraft:sugar_cane":8,"minecraft:mutton":11,"minecraft:coal":6,"minecraft:white_wool":8,"minecraft:cobblestone":43},"minecraft:crafted":{"minecraft:wooden_sword":7,"minecraft:crafting_table":2,"minecraft:spruce_planks":28,"minecraft:stick":12,"minecraft:wooden_pickaxe":1,"minecraft:torch":8},"minecraft:killed":{"minecraft:sheep":9,"minecraft:horse":3,"minecraft:skeleton":6,"minecraft:donkey":3,"minecraft:zombie":17,"minecraft:pig":4,"minecraft:witch":1,"naturalist:bass":4,"minecraft:salmon":4,"naturalist:lizard_tail":1,"naturalist:butterfly":2,"naturalist:lizard":1,"minecraft:spider":7,"minecraft:cow":4},"minecraft:dropped":{"naturalist:lizard_tail":1,"minecraft:wheat_seeds":3,"minecraft:andesite":8},"minecraft:broken":{"minecraft:wooden_sword":4,"minecraft:wooden_pickaxe":1},"minecraft:mined":{"minecraft:large_fern":8,"minecraft:sweet_berry_bush":1,"minecraft:spruce_log":7,"minecraft:andesite":10,"minecraft:grass":70,"minecraft:grass_block":18,"minecraft:coal_ore":6,"minecraft:dirt":2,"minecraft:tall_grass":52,"minecraft:stone":43,"minecraft:fern":4}},"DataVersion":3465}