{"stats":{"minecraft:used":{"minecraft:stone_shovel":107,"minecraft:chest":5,"minecraft:cooked_salmon":2,"minecraft:stone_hoe":96,"minecraft:torch":44,"scalinghealth:heart_crystal":1,"minecraft:carrot":14,"minecraft:wooden_axe":60,"minecraft:furnace":7,"tombstone:gift":2,"minecraft:cooked_beef":2,"minecraft:cooked_mutton":2,"minecraft:water_bucket":3,"minecraft:spruce_door":1,"minecraft:stone_pickaxe":647,"minecraft:oak_planks":1,"minecraft:baked_potato":24,"minecraft:wooden_pickaxe":23,"minecraft:blue_bed":2,"minecraft:crafting_table":9,"croptopia:apple_sapling":14,"minecraft:white_bed":1,"minecraft:spruce_log":1,"minecraft:oak_log":3,"minecraft:apple":3,"minecraft:bread":6,"minecraft:suspicious_stew":1,"minecraft:stone_axe":312,"minecraft:wooden_sword":72,"minecraft:cobblestone":9,"minecraft:andesite":80,"minecraft:bucket":3,"minecraft:coarse_dirt":3},"minecraft:custom":{"minecraft:mob_kills":54,"minecraft:interact_with_crafting_table":40,"minecraft:open_barrel":7,"minecraft:leave_game":2,"minecraft:time_since_death":128272,"minecraft:climb_one_cm":2076,"minecraft:sprint_one_cm":574635,"minecraft:walk_one_cm":240385,"minecraft:drop":1,"minecraft:talked_to_villager":4,"minecraft:play_time":177007,"minecraft:deaths":1,"minecraft:sneak_time":5210,"minecraft:walk_under_water_one_cm":10262,"minecraft:jump":3502,"minecraft:walk_on_water_one_cm":8279,"minecraft:total_world_time":177007,"minecraft:interact_with_furnace":106,"minecraft:sleep_in_bed":10,"minecraft:time_since_rest":32540,"minecraft:damage_taken":1612,"minecraft:damage_dealt":8416,"minecraft:swim_one_cm":51799,"minecraft:fly_one_cm":806082,"minecraft:open_chest":51,"minecraft:crouch_one_cm":18368,"tombstone:undead_killed":14,"minecraft:fall_one_cm":126605},"minecraft:picked_up":{"minecraft:crafting_table":6,"minecraft:shelter_pottery_sherd":1,"minecraft:coarse_dirt":10,"minecraft:chicken":5,"croptopia:peach":7,"naturalist:venison":2,"minecraft:stone_slab":1,"minecraft:brick":3,"minecraft:cornflower":1,"minecraft:string":5,"minecraft:raw_copper":240,"croptopia:pear":6,"minecraft:beef":8,"minecraft:chest":2,"minecraft:birch_sapling":14,"minecraft:furnace":6,"minecraft:egg":1,"minecraft:raw_iron":56,"minecraft:stick":35,"minecraft:composter":1,"minecraft:porkchop":9,"tombstone:grave_dust":1,"minecraft:carrot":8,"minecraft:arrow":1,"minecraft:rotten_flesh":12,"minecraft:white_terracotta":3,"minecraft:mutton":10,"minecraft:snowball":12,"minecraft:white_wool":7,"minecraft:cobblestone":120,"minecraft:birch_log":20,"croptopia:apple_sapling":1,"minecraft:feather":7,"minecraft:andesite":169,"minecraft:salmon":2,"minecraft:leather":2,"minecraft:potato":17,"minecraft:oak_log":108,"minecraft:gunpowder":1,"scalinghealth:heart_crystal":1,"minecraft:blue_bed":2,"minecraft:lapis_lazuli":47,"minecraft:dirt":72,"minecraft:bone":3,"minecraft:apple":74,"minecraft:wheat_seeds":33,"scalinghealth:power_crystal_shard":5,"croptopia:roe":3,"minecraft:oak_planks":1,"scalinghealth:heart_crystal_shard":7,"minecraft:pumpkin":10,"minecraft:sweet_berries":10,"minecraft:gravel":4,"minecraft:spruce_sapling":2,"minecraft:spruce_log":22,"minecraft:spider_eye":1,"naturalist:antler":1,"minecraft:slime_ball":1,"minecraft:iron_helmet":1,"minecraft:oak_sapling":58,"minecraft:coal":228},"minecraft:crafted":{"minecraft:wooden_sword":1,"croptopia:apple_sapling":13,"minecraft:oak_planks":32,"minecraft:stone_shovel":1,"minecraft:cooked_chicken":1,"minecraft:furnace":2,"minecraft:cooked_mutton":10,"minecraft:stone_pickaxe":6,"minecraft:chest":3,"minecraft:stone_hoe":1,"minecraft:cooked_beef":8,"minecraft:cooked_porkchop":9,"minecraft:crafting_table":5,"minecraft:spruce_planks":84,"minecraft:baked_potato":24,"minecraft:wooden_pickaxe":1,"minecraft:iron_helmet":1,"minecraft:iron_sword":2,"minecraft:spruce_door":3,"minecraft:cooked_salmon":2,"minecraft:copper_ingot":110,"minecraft:bucket":1,"minecraft:stone_axe":3,"minecraft:bread":5,"minecraft:air":0,"minecraft:iron_chestplate":1,"minecraft:shield":1,"minecraft:stick":52,"minecraft:iron_ingot":30,"minecraft:wooden_axe":1,"minecraft:white_bed":1,"minecraft:torch":100},"minecraft:killed":{"minecraft:spider":5,"naturalist:snail":2,"minecraft:horse":1,"minecraft:skeleton":4,"naturalist:deer":1,"minecraft:chicken":5,"minecraft:pig":4,"naturalist:bluejay":1,"minecraft:zombie_villager":1,"naturalist:bear":2,"minecraft:salmon":1,"naturalist:butterfly":1,"minecraft:creeper":3,"minecraft:sheep":7,"minecraft:zombie":9,"naturalist:lizard":1,"naturalist:sparrow":1,"minecraft:cow":5},"minecraft:dropped":{"minecraft:apple":24},"minecraft:broken":{"minecraft:stone_pickaxe":4,"minecraft:stone_axe":2},"minecraft:mined":{"minecraft:grass_block":70,"minecraft:decorated_pot":1,"minecraft:spruce_leaves":9,"minecraft:composter":1,"minecraft:large_fern":13,"minecraft:furnace":6,"minecraft:carrots":8,"minecraft:iron_ore":56,"minecraft:andesite":168,"minecraft:pumpkin":10,"minecraft:potatoes":19,"minecraft:stone":113,"croptopia:apple_sapling":1,"minecraft:crafting_table":6,"minecraft:cornflower":1,"minecraft:chest":2,"minecraft:stone_slab":1,"minecraft:copper_ore":72,"minecraft:tall_grass":53,"minecraft:cobblestone":6,"minecraft:lapis_ore":8,"minecraft:oak_planks":1,"minecraft:blue_bed":2,"minecraft:white_terracotta":3,"minecraft:coarse_dirt":10,"minecraft:birch_log":20,"minecraft:sweet_berry_bush":6,"minecraft:wheat":4,"minecraft:spruce_log":22,"minecraft:birch_leaves":20,"minecraft:grass":159,"minecraft:coal_ore":229,"minecraft:oak_log":108,"minecraft:gravel":4,"minecraft:dirt":3,"minecraft:oak_leaves":74,"minecraft:fern":14}},"DataVersion":3465}