{"stats":{"minecraft:killed":{"minecraft:sheep":5},"minecraft:picked_up":{"minecraft:birch_log":3,"minecraft:crafting_table":1,"minecraft:wheat_seeds":1,"minecraft:white_bed":1,"minecraft:mutton":9,"minecraft:dirt":11,"minecraft:white_wool":5},"minecraft:mined":{"minecraft:grass":3,"minecraft:grass_block":9,"minecraft:white_bed":1,"minecraft:dirt":2,"minecraft:birch_log":3,"minecraft:tall_grass":1,"minecraft:crafting_table":1},"minecraft:custom":{"minecraft:time_since_rest":5167,"minecraft:play_time":12723,"minecraft:sprint_one_cm":26414,"minecraft:damage_taken":20,"minecraft:walk_one_cm":8022,"minecraft:mob_kills":5,"minecraft:jump":258,"minecraft:damage_dealt":400,"minecraft:leave_game":1,"minecraft:time_since_death":12723,"minecraft:sleep_in_bed":1,"minecraft:total_world_time":12723,"minecraft:interact_with_crafting_table":1,"minecraft:fall_one_cm":10728,"minecraft:fly_one_cm":52037},"minecraft:crafted":{"minecraft:white_bed":1,"minecraft:birch_planks":12,"minecraft:crafting_table":1},"minecraft:used":{"minecraft:dirt":10,"minecraft:mutton":7,"minecraft:crafting_table":1,"minecraft:white_bed":1}},"DataVersion":3465}